iso3,period,admin_level,service,admin_name,pop_total,pop_covered,pop_coverage_pct,area_coverage_pct,tiles,tests,devices,d_median_pop,d_mean_pop,d_median_tile,d_p10_pop,d_p90_pop,divide_ratio,u_median_pop,lat_median_pop,pct_above_bb,pct_above_hi,density
ETH,2026Q2,ADM2,fixed,Afder,1010159.5685271892,0.0,0.0,0.0017985406073458543,3.0,11.0,3.0,,,33.033,,,,,,,,16.281334646666984
ETH,2026Q2,ADM2,fixed,Agnuak,295109.14660569135,36194.24450683594,12.264697629042553,0.009360163849093635,6.0,12.0,6.0,14.987659250902592,16.403902429569545,13.2075,5.2107394414929935,30.897,5.929484739530042,8.932195657011246,30.524618070215652,78.17399491139918,23.83681530440516,12.554268647051575
ETH,2026Q2,ADM2,fixed,Alaba,445547.89290383947,25292.325561523438,5.676679424221216,0.1278307330743681,3.0,7.0,3.0,17.605308182919096,17.356785149980478,8.973,5.288050920090368,21.1,3.9901279921183934,17.710612343686506,10.68140255010455,72.927074578938,0.0,516.0767434985031
ETH,2026Q2,ADM2,fixed,Arsi,4395103.507701931,51177.0534362793,1.1644106525954894,0.01398752882157999,8.0,18.0,9.0,2.324186003903252,5.257825582937922,3.777,0.792,12.19506318703914,15.39780705434235,0.4830382319499044,74.38673607276039,3.7899656441434533,3.7899656441434533,209.5473087256241
ETH,2026Q2,ADM2,fixed,Asosa,1016773.4131850305,31295.418533325195,3.077914718018902,0.022622734926540627,9.0,44.0,17.0,10.480598137961774,11.09855832566421,9.309,5.983,16.681470933268436,2.788144899426448,10.823378247546474,15.013602206604732,52.84849275963126,0.8118349772511222,70.62213859895388
ETH,2026Q2,ADM2,fixed,Bale,3756514.9105419503,63875.4931640625,1.7003923765830926,0.007412410558913257,11.0,37.0,16.0,6.122529741019766,7.067405794353503,6.175,3.1871205156249967,11.797254020076478,3.7015399832670046,9.889455537441032,16.034244916113362,15.017053210434941,0.0,68.74508646156428
ETH,2026Q2,ADM2,fixed,Bench Maji,1884529.2110393597,24538.992389202118,1.3021285234240714,0.0057910943416465575,3.0,3.0,3.0,6.233321340193097,6.244687296410198,23.068,6.211,19.721362234784777,3.175231401510993,10.017303232301371,15.001924316748399,0.13239188918560704,0.018096731843858856,98.74524716304269
ETH,2026Q2,ADM2,fixed,Borena,2428925.890612927,127229.54663085938,5.238099158256066,0.006392683483843369,9.0,60.0,9.0,6.78913141119764,9.483471590124642,7.237,3.531,24.873584554202406,7.044345668140019,7.025099484158156,39.911500229814564,36.13915464981716,7.900188509356483,46.321085214776225
ETH,2026Q2,ADM2,fixed,Central,1863526.9590342257,57288.78820800781,3.074213009383979,0.03719605365276523,11.0,109.0,14.0,7.813612574795437,9.30710489098018,6.732,3.284921056647711,22.037334149043687,6.708634323021744,9.571380324531878,28.171835311034016,15.726911177147432,0.0,179.14776979730996
ETH,2026Q2,ADM2,fixed,Dawro,1152133.6133922683,576.840674161911,0.0500671682048663,0.016823011720343634,2.0,5.0,2.0,296.2208459253592,296.22084592535924,244.46,212.71204592535918,296.653,1.3946224752315899,42.845045837948895,75.72262254515994,100.0,100.0,263.03107389683083
ETH,2026Q2,ADM2,fixed,Dire Dawa,750947.6098320251,422517.0123901367,56.26451257826721,1.5531757028872957,45.0,474.0,96.0,6.937369967389956,19.829195956933795,6.318,3.3315068754672854,39.08090821881311,11.730700154515372,6.836777871461926,18.0,41.05097851076752,30.938884297641728,712.9859611187758
ETH,2026Q2,ADM2,fixed,Doolo,1335594.7382289635,0.0,0.0,0.0007020679693468823,1.0,2.0,1.0,,,13.32,,,,,,,,25.458099565445224
ETH,2026Q2,ADM2,fixed,East Gojam,3278783.1288997605,48123.43359375,1.46772237448649,0.025379670265314368,10.0,25.0,10.0,4.301060824268926,4.59774529953755,5.1705000000000005,1.621,9.588434451744353,5.915135380471532,0.8122165855857824,29.66264516084883,0.0,0.0,230.0418292527743
ETH,2026Q2,ADM2,fixed,East Harerge,6553443.109876834,82771.72631835938,1.2630265484965046,0.01893385470136462,13.0,50.0,19.0,6.49738705028643,15.631719421629976,6.492,2.057775776543405,7.171201543272545,3.4849285451880143,6.160861390613731,14.685989362477557,6.836344431153014,6.836344431153014,262.1718000568112
ETH,2026Q2,ADM2,fixed,East Shewa,2683237.0103463926,454214.48083496094,16.927855388232146,0.49624063508223853,136.0,822.0,226.0,6.333994203428875,13.574687381423818,7.0595,2.423682754601363,37.7003858294644,15.555000239981986,5.368545594508202,20.385185306874753,26.194787122774326,17.077095768690317,267.81183759486
ETH,2026Q2,ADM2,fixed,East Wellega,2560547.3991937414,52571.29052734375,2.0531270205697916,0.018306261556441134,7.0,32.0,9.0,6.420873200082239,6.643675282725969,6.369,1.5868989687395127,13.401070348318871,8.444816344523467,6.770092225741087,9.741343944750705,18.532180487837003,0.0,183.7326693492692
ETH,2026Q2,ADM2,fixed,"Eastern
",1676522.2523990928,24267.226791381836,1.4474741839337706,0.028240644753328468,5.0,8.0,5.0,8.508000874974988,11.763951786026077,8.094,3.7206313918346035,18.393,4.943515780780049,17.539270751590077,27.86748922249446,42.82205255140845,0.0,268.7903079993536
ETH,2026Q2,ADM2,fixed,Fafan,1221777.641232556,409773.314453125,33.53910733214406,0.17484173213792364,58.0,376.0,122.0,9.46062883327485,15.433763443574087,9.67,5.215490108015508,24.76349173287511,4.748066091586858,11.203829836906811,11.0,48.13508790352204,9.032779335626415,101.18363880129436
ETH,2026Q2,ADM2,fixed,Gamo Gofa,2858378.866696366,92111.90580296516,3.2225226290392186,0.045783776330354777,15.0,48.0,22.0,6.504309240692417,17.252538814510977,22.533,2.4839862164438973,41.24354836800819,16.603775051156653,5.523516675454151,10.0,29.25207420702476,15.474069004004889,235.98746469115028
ETH,2026Q2,ADM2,fixed,Gedio,1570895.299610138,44463.099609375,2.830430495298431,0.027596874941807892,1.0,5.0,1.0,4.098,4.098,4.098,4.098,4.098,1.0,0.537,42.0,0.0,0.0,1174.025102318454
ETH,2026Q2,ADM2,fixed,Guji,3354478.796458003,51775.7760925293,1.5434819903228896,0.015865676349022674,8.0,40.0,9.0,5.270491622854077,5.289581534054261,6.6175,2.382,7.7917577892807275,3.27109898794321,2.4972309735278673,49.18091400838921,4.164084369606978,0.0,179.8070590782039
ETH,2026Q2,ADM2,fixed,Gurage,1529779.6329138603,41378.04443359375,2.704836928360628,0.07993971895092579,13.0,36.0,14.0,5.926443907844616,19.17266631362154,6.166,5.499170314276158,71.90974015411892,13.07647082095951,6.752950719353814,11.88984932292755,19.12723507941465,15.743543936503446,256.7890172676162
ETH,2026Q2,ADM2,fixed,Hadiya,1838059.2320694248,61134.8564453125,3.326054752679667,0.11070031558485997,11.0,36.0,13.0,6.465993798941711,11.120673440299353,6.42,3.7822897497725587,25.201793831060343,6.663105023240434,9.715370079238907,9.95158703485243,34.495180536535734,3.48126978757723,503.24408795412967
ETH,2026Q2,ADM2,fixed,Hareri,655378.4000661969,260845.44213867188,39.80073833869487,2.8482984315881756,29.0,243.0,59.0,6.331510948929499,9.285638584433377,6.395,4.353593062555216,20.04598807440534,4.60446986807718,6.75466261554157,13.209758067528597,24.271683819435612,2.162870837896683,1767.7109365427395
ETH,2026Q2,ADM2,fixed,Horo Guduru,924235.804132171,4373.919677734375,0.47324715815801477,0.013489475078755109,3.0,8.0,4.0,34.880765696919,33.370011838944606,43.329,3.808,69.048,18.13235294117647,50.337053224581666,14.57246859628648,56.43705546710055,56.43705546710055,114.30071687280915
ETH,2026Q2,ADM2,fixed,Ilubabor,2466396.658553666,18369.154174804688,0.7447769648527115,0.00942452721269625,4.0,22.0,4.0,6.315043158972143,14.374080492212025,6.3735,5.429,68.41373368444485,12.60153503121106,6.000133014951133,18.692342185913198,11.098284609851198,11.098284609851198,158.77898282137238
ETH,2026Q2,ADM2,fixed,Jarar,870293.7362301125,18372.286254882812,2.1110442934435913,0.0018530238577356404,2.0,4.0,2.0,10.71294679871042,10.712946798710421,7.058,3.47134679871042,11.584,3.33703333942416,10.898169562197978,12.866049360539794,90.37722932733561,0.0,22.00856407487693
ETH,2026Q2,ADM2,fixed,Jimma,3875899.041202227,93202.4709777832,2.4046671491441542,0.03605193344608579,18.0,89.0,33.0,6.112200552481227,14.460942504532566,7.7875000000000005,3.3713031902552126,40.87949887009336,12.12572603622717,8.332864628686615,14.66100615537377,29.438866239372373,25.872881712898156,211.39986258390346
ETH,2026Q2,ADM2,fixed,KT,977473.3917487906,9370.225830078125,0.9586169719989944,0.07878229484706144,3.0,7.0,3.0,7.727952717403113,8.163247887016421,7.728,7.219,9.543,1.321928244909267,9.588993869054235,10.0,0.0,0.0,697.5648006728245
ETH,2026Q2,ADM2,fixed,Keffa,1593087.799859935,2776.10302734375,0.17425926101422823,0.003497319076844546,1.0,1.0,1.0,5.43,5.43,5.43,5.43,5.43,1.0,6.648,18.0,0.0,0.0,151.43067757041027
ETH,2026Q2,ADM2,fixed,Kelem Wellega,2634450.9296485297,21687.416015625,0.8232233810678108,0.019397206246794998,5.0,6.0,5.0,4.675788906661292,4.434282470579332,4.641,1.8126577691298849,6.359459344513972,3.5083618390727174,6.284417666374143,27.114979777728472,0.0,0.0,279.48863155254395
ETH,2026Q2,ADM2,fixed,Kemashi,327893.18174753507,315.139892578125,0.0961105354184432,0.0036109140278036255,1.0,10.0,2.0,290.441,290.441,290.441,290.441,290.441,1.0,181.402,10.0,100.0,100.0,32.4632157773743
ETH,2026Q2,ADM2,fixed,Konta,195993.08986339584,405.9244079589844,0.20711159165963833,0.015681237655942586,1.0,14.0,5.0,74.881,74.881,74.881,74.881,74.881,1.0,175.333,17.0,100.0,100.0,83.3010846468939
ETH,2026Q2,ADM2,fixed,Korahe,677928.9866750609,119239.66314697266,17.588813207676807,0.004581974381252515,4.0,4.0,4.0,8.564786102980394,8.678421905862832,7.583,3.386,43.0347485410374,12.70961268193662,10.229624228103813,16.388620186549748,61.5245376345943,0.27837438438040707,21.043291524410403
ETH,2026Q2,ADM2,fixed,Liben,498244.5904969109,65015.423095703125,13.048896934507956,0.007191327367630348,7.0,73.0,15.0,21.16261506570076,22.509435852572434,22.808,9.385666037060007,33.147164915365884,3.531679561629597,16.557238322958348,39.437342967209915,93.99333443165546,42.91427312433863,13.763752840685372
ETH,2026Q2,ADM2,fixed,Metekel,693960.0305557816,5289.216217041016,0.7621787976470297,0.004197470606255709,3.0,8.0,3.0,8.660189216405886,9.588181103551868,9.283,5.822,39.716189552788805,6.821743310338166,8.184056165578424,25.327411791824765,2.5716254311455833,2.5716254311455833,26.98873928138532
ETH,2026Q2,ADM2,fixed,North Gonder,5156075.829748197,200835.6436767578,3.895125873014281,0.01825866160564215,22.0,127.0,29.0,6.340628808464672,9.979289509622774,6.446,2.2159794408629905,27.534408328284396,12.425389794032297,3.8358735006951123,19.82959080831879,15.046228481221041,8.095484866617115,120.16753424664253
ETH,2026Q2,ADM2,fixed,North Shewa(R3),2357694.613983481,83641.4898071289,3.547596423686572,0.04042747634034418,18.0,53.0,22.0,5.789572930805291,14.704706912824207,6.4495000000000005,3.9470294809902517,44.70398182026063,11.325981231091554,3.9445989859132715,9.0,19.73384014942379,14.891448479337784,145.6929060691556
ETH,2026Q2,ADM2,fixed,North Shewa(R4),1998981.5680877455,83784.98379516602,4.191383509119393,0.18131350440581911,56.0,207.0,90.0,6.026412420020173,7.156758670663324,6.338,3.0251384089901614,8.555209815141772,2.8280391368927926,0.9650655328607176,24.68175826679027,6.2273025622815394,2.220369345302343,177.7467813873875
ETH,2026Q2,ADM2,fixed,North Wollo,2468529.086427372,30133.711853027344,1.2207152842034752,0.01756901061362867,6.0,14.0,9.0,4.945054004367375,4.674714905074933,5.5135000000000005,1.3792787606405346,6.879483337757635,4.9877396318078695,0.25365380243189384,121.11319108841856,1.2733930122058212,0.0,201.9977349649788
ETH,2026Q2,ADM2,fixed,Nuer,282372.5834825635,8323.1484375,2.947576685685547,0.007647999160979519,1.0,20.0,1.0,18.884,18.884,18.884,18.884,18.884,1.0,20.685,60.0,100.0,0.0,58.983588312232136
ETH,2026Q2,ADM2,fixed,Oromia,842702.4424093576,23523.90771484375,2.791484458925609,0.038240724390357396,4.0,33.0,6.0,4.190064166487862,4.240180459891173,4.587,3.282,5.806781461437261,1.769281371553096,0.6059061809085808,45.83965701866488,0.0,0.0,222.8781100520532
ETH,2026Q2,ADM2,fixed,Region 14,4551648.263477806,4063621.130874634,89.27801305476355,52.25989367005296,773.0,11790.0,3728.0,9.590531960829013,17.6726070742555,9.552,5.067688222891821,41.12018657243683,8.114190290296124,10.745903728839489,9.0,47.7302134305773,18.25540202652667,8435.39556712651
ETH,2026Q2,ADM2,fixed,Selti,1196344.3391931602,366.77044677734375,0.030657598716495073,0.01421712366905681,1.0,11.0,1.0,63.641,63.641,63.641,63.641,63.641,1.0,78.287,23.0,100.0,100.0,463.43594292512427
ETH,2026Q2,ADM2,fixed,Shabelle,1262797.3932050555,90900.48681640625,7.19834292543916,0.0033456416214963165,3.0,19.0,4.0,45.71719240128843,41.959279383253275,81.33,9.699,105.884,10.917001752758017,27.825327926378435,16.0,33.800426727594676,33.800426727594676,38.07070987025849
ETH,2026Q2,ADM2,fixed,Sidama,6384361.226195958,328400.57135009766,5.1438281719183205,0.25165760769251694,47.0,181.0,86.0,6.1316060738548375,9.230991556541206,6.396,3.521704536796117,15.413517017689124,4.376720663713494,3.5735773101303367,23.0,19.10965078225563,2.027344175310404,928.0457399435905
ETH,2026Q2,ADM2,fixed,South Gonder,2730668.5353836836,42208.24951171875,1.5457112045929116,0.007590969614345006,3.0,3.0,3.0,6.662810508640432,6.506196965207912,6.376,4.422298258200093,7.804,1.764693275838949,0.7864943430936805,33.200847695126356,0.0,0.0,192.9215950645234
ETH,2026Q2,ADM2,fixed,South Omo,1306016.0932311285,29192.9501953125,2.2352672640570717,0.003214175805493454,2.0,4.0,2.0,54.92030140902156,54.92030140902156,48.9975,12.125,85.87,7.082061855670103,37.16315611552192,13.0,100.0,58.03146167065096,56.70529245763912
ETH,2026Q2,ADM2,fixed,South West Shewa,2015071.368196831,207843.20336914062,10.314433853284674,0.18904591501383486,34.0,222.0,55.0,5.735928325942804,7.210903375473345,5.662000000000001,2.7807037142618256,12.42388299140341,4.467891680686122,7.460280457172079,12.853131485387028,10.411218471494408,0.18118787766199276,306.87078952187926
ETH,2026Q2,ADM2,fixed,South Wollo,3445001.6875516586,154157.57066345215,4.474818436823785,0.05226165665831817,25.0,68.0,29.0,6.52505453162717,7.3783313346356465,6.72,3.1831400572329582,8.1019868386211,2.5452812923550714,0.9613327021052791,23.471691768367705,4.122884846413984,2.841968978525418,200.01231319533773
ETH,2026Q2,ADM2,fixed,Southern,2118209.950201084,235151.82057523727,11.101440655252992,0.13245773515629192,38.0,103.0,42.0,6.393981425137956,10.89170879182909,5.949999999999999,4.369470520033026,30.503032885241716,6.980944886890131,0.7577529781095595,44.0,21.906885149275237,14.996659126603209,208.7602324012237
ETH,2026Q2,ADM2,fixed,West Arsi,3903809.0298250034,205000.97811889648,5.251306520188209,0.06153943745628094,21.0,111.0,30.0,4.885737330733229,9.866262429294228,5.624,1.7660953067344705,18.72531010616039,10.602661155803473,6.887146268884785,10.0,24.38950837301122,10.385907476848242,310.7806278097429
ETH,2026Q2,ADM2,fixed,West Gojam,3620866.087741856,116368.27428817749,3.213824302482014,0.051162459338581705,19.0,73.0,29.0,6.800517982558482,20.073337541244978,6.892,3.840211915114321,17.341198224552617,4.515687833866944,5.930976309842874,18.253754979594987,18.104135318399646,3.3639672998271792,271.6569192184215
ETH,2026Q2,ADM2,fixed,West Harerge,3491714.268615689,32032.62060546875,0.9173895153273316,0.01462101304024339,7.0,26.0,8.0,8.075076713954267,33.31593962037325,7.338,4.964227117716218,129.09165861197295,26.00438206206836,8.749114746666038,14.07466320880299,28.49707330358593,28.49707330358593,200.02559943095295
ETH,2026Q2,ADM2,fixed,West Shewa,3822340.5714354496,214603.31567382812,5.614447788288932,0.09788121321672615,41.0,327.0,56.0,6.19108664943023,7.998737723817686,6.227,3.991270898161028,12.486397252342027,3.1284264012485634,6.598039356924802,7.0,12.32671713846029,2.0347738909288786,250.2205290214389
ETH,2026Q2,ADM2,fixed,West Wellega,3269862.444605676,2173.7125244140625,0.06647718554644576,0.005672556307378306,2.0,2.0,2.0,1.1744149757402307,1.1744149757402307,1.1880000000000002,0.907,1.469,1.619625137816979,0.27611194148745444,174.0433123324786,0.0,0.0,254.57933813432305
ETH,2026Q2,ADM2,fixed,Wolayita,2214392.474208344,47928.556884765625,2.1644111169543385,0.06613680981494174,8.0,55.0,10.0,6.229628688403482,6.177501281639341,6.27,0.611,12.043070212428585,19.71042587958852,0.653915516071236,36.73785795649917,5.636910169778913,0.0,496.74957111960583
ETH,2026Q2,ADM2,fixed,Zone 1,912853.7278854441,204026.93955993652,22.350452578262384,0.01783642591825014,17.0,157.0,25.0,8.143684682697208,12.755043433435686,7.744,4.97387138000724,37.977051444263246,7.635310313192692,6.354801481434844,15.0,34.531548651228455,12.432578946664197,26.712339522110216
ETH,2026Q2,ADM2,fixed,Zone 2,514227.3491852494,0.3412046432495117,6.63528775336672e-05,0.00255645395207594,2.0,2.0,2.0,5.387,5.387,3.7044999999999995,5.387,5.387,1.0,0.369,319.0,0.0,0.0,18.587130072350025
ETH,2026Q2,ADM2,fixed,Zone 3,361404.2914967802,134.6831512451172,0.03726661647744078,0.004401665571157244,2.0,2.0,2.0,14.603,14.603,8.234,14.603,14.603,1.0,14.917,18.0,100.0,0.0,21.809998187622064
ETH,2026Q2,ADM2,fixed,Zone 4,186703.98972478614,228.5216064453125,0.12239781634134775,0.003329729126546085,1.0,1.0,1.0,3.512,3.5120000000000005,3.512,3.512,3.512,1.0,0.46,44.0,0.0,0.0,17.385561384388648
ETH,2026Q2,ADM2,mobile,Afder,1010159.5685271892,162.63951706886292,0.01610037880510215,0.00419628316990185,7.0,18.0,7.0,5.666,5.664660809704501,8.364,3.3239352112009994,7.838186593392818,2.3581045042573905,7.459,48.53654273767449,0.0,0.0,16.281334646666984
ETH,2026Q2,ADM2,mobile,Agnuak,295109.14660569135,54517.265213012695,18.473593868595227,0.01869656602824614,12.0,47.0,17.0,8.269735865093752,64.66917258819375,19.5045,0.18295853064665277,214.71941995479978,1173.596110527837,2.705090150286775,56.686377542244955,38.5416832194838,35.3254357061198,12.554268647051575
ETH,2026Q2,ADM2,mobile,Alaba,445547.89290383947,50189.56231689453,11.264684025276427,0.25567081928981317,6.0,9.0,6.0,46.198686790678614,38.426481843231926,31.859499999999997,1.693,66.916,39.52510336680449,18.868008236334468,30.51659436861347,68.39737777888854,63.91338782123057,516.0767434985031
ETH,2026Q2,ADM2,mobile,Arsi,4395103.507701931,125710.89838790894,2.8602488693978323,0.054194914628982994,31.0,118.0,41.0,14.789910745626873,82.23518274824875,12.543,0.9476099779489194,240.949010686202,254.27023384423487,9.575449462040051,41.30745565812442,71.40421225214783,42.19944846980361,209.5473087256241
ETH,2026Q2,ADM2,mobile,Asosa,1016773.4131850305,97522.44848632812,9.591364921791202,0.04782545129352172,19.0,353.0,41.0,20.953688277380266,95.36347688288663,17.834,2.1333474597897135,320.63992825579066,150.2989711237177,15.667505456567199,34.223408508463756,69.47018425988453,48.2765795692738,70.62213859895388
ETH,2026Q2,ADM2,mobile,Awi/Agew,1474790.774280073,4062.9521484375,0.27549346112643347,0.004027113452388258,1.0,1.0,1.0,2.83,2.83,2.83,2.83,2.83,1.0,3.808,33.0,0.0,0.0,164.7882000424704
ETH,2026Q2,ADM2,mobile,Bale,3756514.9105419503,283618.6899051666,7.550048293678917,0.05727588859358811,85.0,585.0,177.0,24.455461451282286,40.06153214240558,25.782,7.236624233023973,100.35412997348584,13.867533637510814,18.37148670976125,33.0,71.11242561347355,47.88800534807202,68.74508646156428
ETH,2026Q2,ADM2,mobile,Bench Maji,1884529.2110393597,120049.51147460938,6.37026535706493,0.03281220236561451,17.0,39.0,21.0,7.325449379712788,11.15137270852678,10.036,1.2710781217887932,26.901151727828072,21.164042765498927,4.4461061203763395,52.0,40.94889873105111,12.582084077822064,98.74524716304269
ETH,2026Q2,ADM2,mobile,Borena,2428925.890612927,230803.8131465912,9.502299515953904,0.016287959984073536,23.0,77.0,37.0,2.059560124035004,11.062167785816069,10.283,1.081280380251237,29.545205114227617,27.324277452775707,12.073678586835024,46.22486091757478,37.85480469866532,9.64303101164476,46.321085214776225
ETH,2026Q2,ADM2,mobile,Central,1863526.9590342257,66651.02870178223,3.5766066264114675,0.060829598040660085,18.0,41.0,19.0,14.644018550071841,15.679893129398048,9.8625,1.2097334107483302,31.957719455316244,26.41715866601344,17.42418826533078,38.90155419055279,61.73186581774278,17.528217663886284,179.14776979730996
ETH,2026Q2,ADM2,mobile,Dawro,1152133.6133922683,11616.2119140625,1.008234789701211,0.008404383789322236,1.0,1.0,1.0,58.159,58.159000000000006,58.159,58.159,58.159,1.0,34.766,23.0,100.0,100.0,263.03107389683083
ETH,2026Q2,ADM2,mobile,Dire Dawa,750947.6098320251,456982.06744384766,60.85405445874808,1.5877140852863811,46.0,205.0,90.0,21.58604230305033,82.29821665467377,17.68,2.61597578289583,285.73677289940395,109.2276062980596,17.031200322981018,30.0,77.7600511075725,45.962189408025324,712.9859611187758
ETH,2026Q2,ADM2,mobile,Doolo,1335594.7382289635,89728.43246459961,6.718237942714723,0.006327634272779806,9.0,19.0,9.0,5.0811009996197205,33.77223678708909,5.508,2.386333714933227,92.13548030347123,38.60963775808251,3.8760590205826144,114.41949041502562,16.113657976303163,16.113657976303163,25.458099565445224
ETH,2026Q2,ADM2,mobile,East Gojam,3278783.1288997605,45637.73254394531,1.391910679961918,0.03299843154969437,13.0,28.0,14.0,16.198686348627295,21.51535553827745,19.63,1.423113405536736,59.68322198111713,41.9384862435522,13.390577063261356,33.604529434388596,54.08084599036541,32.88388791221992,230.0418292527743
ETH,2026Q2,ADM2,mobile,East Harerge,6553443.109876834,289107.1278991699,4.411530291053422,0.07722272485677498,53.0,245.0,78.0,3.0512819341516733,9.573717013111839,2.309,0.5258623657464899,30.457514223980013,57.91917468888258,10.570445088042346,46.0,25.70480736253924,10.154879248278963,262.1718000568112
ETH,2026Q2,ADM2,mobile,East Shewa,2683237.0103463926,690125.3741307259,25.71988130268202,0.8829783401745261,242.0,4381.0,603.0,18.897599094265424,51.932533560989135,27.951500000000003,2.6754035949832113,145.5463838670677,54.40165518951582,12.927703136924244,27.0,73.73540439149062,41.919295245795055,267.81183759486
ETH,2026Q2,ADM2,mobile,East Wellega,2560547.3991937414,71639.072265625,2.7978030122848936,0.02616170300121882,10.0,25.0,13.0,83.66152231670303,124.58258669149184,85.7845,11.091088710540516,390.253056329832,35.18618113287215,49.461294359703935,24.777404637878444,94.2994150227629,84.18694530047748,183.7326693492692
ETH,2026Q2,ADM2,mobile,"Eastern
",1676522.2523990928,96421.46810913086,5.751278754048886,0.13543728698318344,24.0,46.0,28.0,2.074658515680251,5.213370919430973,2.831,0.5174179247708296,10.883577512137071,21.03440370172242,16.572256720902473,45.76733943810083,19.6748748003216,2.891203784087128,268.7903079993536
ETH,2026Q2,ADM2,mobile,Fafan,1221777.641232556,444000.46813964844,36.34052982764778,0.1808536912091918,60.0,255.0,101.0,25.315668267807244,75.46591193835256,20.067,2.9121583260069563,205.96788239926025,70.72688341147845,17.989482427881107,30.0,68.5110527776621,48.99144269270355,101.18363880129436
ETH,2026Q2,ADM2,mobile,Gamo Gofa,2858378.866696366,234985.02798843384,8.220919582295362,0.10377884063571208,34.0,89.0,41.0,10.469441947361755,74.43639255562685,14.7815,2.451113091329903,350.632925090566,143.05048850288776,7.667832598863223,36.523495793534515,53.76188928968725,35.34387378961157,235.98746469115028
ETH,2026Q2,ADM2,mobile,Gedio,1570895.299610138,166041.8526611328,10.56988665650351,0.44179983255060484,16.0,74.0,24.0,11.10840009389948,14.00616099203317,9.564499999999999,6.168388842212662,24.880479793863408,4.0335459437311565,17.01150035436404,46.0,62.237681960169034,10.328316647949027,1174.025102318454
ETH,2026Q2,ADM2,mobile,Guji,3354478.796458003,154094.8116760254,4.593703553551575,0.04960450507654279,25.0,78.0,35.0,3.9313205790161834,5.745592184391048,3.729,0.3055045042842984,15.818699475357924,51.77894025626953,4.398395388703859,44.0,18.337213764798687,0.24343735167538053,179.8070590782039
ETH,2026Q2,ADM2,mobile,Gurage,1529779.6329138603,5279.502136230469,0.34511520631074777,0.04304558488011224,7.0,11.0,8.0,3.22289219230167,13.510044013905945,12.228,1.303582524373104,46.95742183722811,36.02182520804354,13.169342298063938,45.25518135791188,38.82780865169073,9.535903911734657,256.7890172676162
ETH,2026Q2,ADM2,mobile,Hadiya,1838059.2320694248,76657.52404785156,4.1705687559124405,0.1710749901778668,17.0,119.0,27.0,6.644354319161555,13.379476533949843,6.506,1.7459974707483337,33.60487848692478,19.246808228491734,6.981288388198903,34.56491781171972,25.918750136957332,25.918750136957332,503.24408795412967
ETH,2026Q2,ADM2,mobile,Hareri,655378.4000661969,301812.1398925781,46.05158483436338,3.241154556247691,33.0,134.0,68.0,30.39090991857168,48.8962332345244,30.008,2.9928009851967103,156.54748670371086,52.30801763232557,14.08038957000443,31.61221461458553,77.86383620537897,59.77457804370617,1767.7109365427395
ETH,2026Q2,ADM2,mobile,Horo Guduru,924235.804132171,23767.852294921875,2.571622110792295,0.031477633698712995,7.0,21.0,7.0,116.55784683517491,135.4880885468204,118.873,26.699545041924253,219.25958993638164,8.212109591833684,109.67005200172893,23.0,88.08697385085428,88.08697385085428,114.30071687280915
ETH,2026Q2,ADM2,mobile,Ilubabor,2466396.658553666,65304.32434082031,2.6477624397657027,0.04948205063003313,21.0,291.0,29.0,10.653861908306741,19.18204718779605,8.38,1.3686397154565118,60.995441585278,44.566470559370615,8.607162459234031,44.69608831511004,53.02209527293456,28.6583335673794,158.77898282137238
ETH,2026Q2,ADM2,mobile,Jarar,870293.7362301125,13235.94287109375,1.520859259360918,0.0018524931557899348,2.0,3.0,3.0,0.9219462641140027,0.9219462641140027,2.1895,0.717,3.277946264114003,4.5717521117350115,0.912862226807472,51.81694856029269,0.0,0.0,22.00856407487693
ETH,2026Q2,ADM2,mobile,Jimma,3875899.041202227,181666.48831939697,4.6870799881063885,0.10212923952486892,51.0,210.0,81.0,6.884418733123582,35.78565719428136,8.581,0.40615263090872156,93.58392274078076,230.41565071583335,6.582715539861463,38.946536733450294,37.735657427921396,20.96794261912562,211.39986258390346
ETH,2026Q2,ADM2,mobile,KT,977473.3917487906,33029.208740234375,3.379039165571766,0.2625564756132668,10.0,27.0,10.0,17.20367956526296,24.551594692021347,18.2015,2.4728878530164216,69.2313955071345,27.996172743008234,26.424900061500928,38.0,59.94089526538341,29.317432688732193,697.5648006728245
ETH,2026Q2,ADM2,mobile,Keffa,1593087.799859935,22508.98112487793,1.4129152911005238,0.04896969778879345,14.0,21.0,17.0,19.016424757096544,28.3817636666109,11.6785,2.904627004187113,70.86481933991269,24.39721838217395,5.221823277916962,45.73303062383498,82.06560577480322,40.81237790590108,151.43067757041027
ETH,2026Q2,ADM2,mobile,Kelem Wellega,2634450.9296485297,2743.2014665603638,0.10412801527969029,0.011628027269749725,3.0,3.0,3.0,70.07682546827701,70.04926052048317,54.52,55.559334453168574,72.645,1.3075210622120226,38.21575567831593,23.42507716387139,100.0,100.0,279.48863155254395
ETH,2026Q2,ADM2,mobile,Konta,195993.08986339584,1793.2774658203125,0.9149697405506486,0.04704751968036638,3.0,5.0,4.0,4.40905230434214,13.47616784792093,6.229,1.268,45.772,36.09779179810725,4.7597010552501455,41.54179431789398,24.90832528903486,24.90832528903486,83.3010846468939
ETH,2026Q2,ADM2,mobile,Korahe,677928.9866750609,93730.09765625,13.825946300947285,0.0022894766213527496,2.0,2.0,2.0,5.879298144418576,5.879298144418575,4.4615,1.922,7.001,3.642559833506764,11.561573893832879,37.233192588176536,0.0,0.0,21.043291524410403
ETH,2026Q2,ADM2,mobile,Liben,498244.5904969109,71313.30700683594,14.312911442894647,0.0071838911501297415,7.0,22.0,7.0,1.1670845337224496,3.4064938990192157,1.226,0.6976538659180095,11.421334774019144,16.371062115437937,3.1407013792627607,42.51647686573412,1.4000462935027416,0.0,13.763752840685372
ETH,2026Q2,ADM2,mobile,Majang,109826.94614998551,21946.764282226562,19.983041549980726,0.09467888350112846,6.0,32.0,11.0,15.676238272011219,21.036731884971804,13.087499999999999,7.013012640276925,40.803,5.818184294387469,16.054326364619733,143.19558005109351,57.8157811030505,36.618350788133064,47.095133666974775
ETH,2026Q2,ADM2,mobile,Metekel,693960.0305557816,1063.3424072265625,0.1532281918851938,0.0013986694228815724,1.0,2.0,1.0,5.769,5.769,5.769,5.769,5.769,1.0,6.574,213.0,0.0,0.0,26.98873928138532
ETH,2026Q2,ADM2,mobile,North Gonder,5156075.829748197,243741.40817260742,4.727265777712792,0.028227894970141637,34.0,86.0,44.0,12.601420374797339,34.10883349690407,13.2965,0.6054046357536538,93.89080713597605,155.0876910929062,10.353339115744356,34.74200740329556,56.79737857616839,22.45769704936075,120.16753424664253
ETH,2026Q2,ADM2,mobile,North Shewa(R3),2357694.613983481,154126.5308227539,6.537171095384017,0.1324743757406381,59.0,200.0,85.0,14.077073035469073,21.13488894257949,9.05,1.9546609654617855,34.595510687082204,17.69898273837431,8.786865208863478,29.0,55.45781792435965,31.336240655469034,145.6929060691556
ETH,2026Q2,ADM2,mobile,North Shewa(R4),1998981.5680877455,101743.06873321533,5.089745216137446,0.16193545801238646,50.0,206.0,64.0,11.876919913996185,29.23189509721217,9.253,2.93930024869292,45.40637107026586,15.448020694877178,11.782778782367997,31.39139856370237,56.52134451537192,21.000052719337507,177.7467813873875
ETH,2026Q2,ADM2,mobile,North Western,1152541.184053847,104037.66239643097,9.026806489508516,0.11195143445074972,40.0,289.0,70.0,4.880643512659758,9.563793986970634,5.5295000000000005,1.1525886263699674,20.64313278396452,17.91023467668535,16.0479106626755,54.0,20.729402190287136,9.131457922218885,91.75457416881859
ETH,2026Q2,ADM2,mobile,North Wollo,2468529.086427372,125887.34289550781,5.099690483197862,0.0498213442059137,17.0,44.0,19.0,14.180278790437283,18.906440680417237,9.345,1.2026842930067108,57.048917337244916,47.434657348540426,7.689538163100321,34.81344743987307,52.586300623550244,18.670256829460573,201.9977349649788
ETH,2026Q2,ADM2,mobile,Nuer,282372.5834825635,13735.874946594238,4.86445064077633,0.022942087663288483,3.0,6.0,3.0,1.2008706263207245,1.2045109796643285,1.615,0.542,2.55731680352706,4.7182966854742805,0.7248526760500263,125.11798644151614,0.0,0.0,58.983588312232136
ETH,2026Q2,ADM2,mobile,Oromia,842702.4424093576,76372.04541015625,9.062753537512258,0.15287823986640028,16.0,29.0,18.0,2.4038856665955635,6.869466306123123,3.648,0.18171180376008927,20.45424368052153,112.56419922795378,3.8575755172769863,37.38770701656911,23.22280365716911,7.151006177735613,222.8781100520532
ETH,2026Q2,ADM2,mobile,Region 14,4551648.263477806,3937781.140812397,86.5133005203621,47.86486373297535,708.0,9733.0,2766.0,40.498199497082965,71.03517663232603,37.3225,3.0710249417759035,189.84361254522597,61.81767199697302,20.06586685098421,27.0,78.50718612296328,58.20967045718395,8435.39556712651
ETH,2026Q2,ADM2,mobile,Segen Peoples',1547124.9777579072,34397.07766723633,2.2232901777000946,0.02175116951220972,4.0,13.0,4.0,25.83732742130079,24.745978591061878,36.789,0.144,58.92214567750071,409.18156720486604,18.773342407865428,36.137378249505836,72.03279174814003,72.03279174814003,227.01062916756828
ETH,2026Q2,ADM2,mobile,Selti,1196344.3391931602,15974.114013671875,1.3352438332633525,0.08535017662538039,6.0,13.0,8.0,27.293280221457536,27.711056838442204,11.057500000000001,10.967487892965778,38.227,3.485483674389799,23.962871592285108,36.64991163028107,97.7039700200998,54.502772131749836,463.43594292512427
ETH,2026Q2,ADM2,mobile,Shabelle,1262797.3932050555,253976.91345214844,20.112245623784492,0.013384230929419148,12.0,67.0,14.0,7.634393511368982,15.366336789506716,12.611,0.9359896672007207,31.179877668739376,33.3122028600909,10.604648488662143,41.0,45.0192993043823,17.43883201736344,38.07070987025849
ETH,2026Q2,ADM2,mobile,Sheka,373972.6898628664,78925.68475341797,21.104665365366532,0.1569635872933903,10.0,23.0,15.0,3.93346927916481,15.648172308271793,10.639,0.5042568547360888,55.16742493805053,109.40342093499812,4.540645482887481,52.89133100368662,30.366083510252746,25.784371879711042,159.49055287494596
ETH,2026Q2,ADM2,mobile,Sidama,6384361.226195958,483029.9235839844,7.5658301037548235,0.3588083788921421,67.0,203.0,97.0,10.809699966018844,61.061628316038295,15.41,0.6342777031472604,197.48677693287837,311.3569591883128,5.028654862954385,35.0,53.91558367585906,35.294227078930675,928.0457399435905
ETH,2026Q2,ADM2,mobile,Siti,280922.8962352499,230.19918823242188,0.08194390393855577,0.001196992599986197,1.0,1.0,1.0,43.319,43.319,43.319,43.319,43.319,1.0,14.385,28.0,100.0,100.0,9.249279999402589
ETH,2026Q2,ADM2,mobile,South Gonder,2730668.5353836836,37212.27410888672,1.3627532461993985,0.007594722594048247,3.0,6.0,3.0,55.89574112462035,61.62012969751003,39.161,18.913,90.86,4.804102997937926,26.84497255288287,29.495197209988866,100.0,61.10160454932877,192.9215950645234
ETH,2026Q2,ADM2,mobile,South Omo,1306016.0932311285,17568.282653808594,1.3451811769289963,0.003218589571037459,2.0,5.0,2.0,27.176364667139335,27.17636466713933,16.5165,8.809164667139337,27.996,3.1780538856803253,3.4961143261211367,60.96470122161421,96.4300042124628,96.4300042124628,56.70529245763912
ETH,2026Q2,ADM2,mobile,South West Shewa,2015071.368196831,266310.8277130127,13.215950160183091,0.30583677368690365,55.0,337.0,79.0,13.24524914362793,17.60430880234303,13.608,1.3232563006237585,41.06639009708312,31.03434314102656,14.092669377155042,28.742516253055406,59.06596942126693,21.060271524037766,306.87078952187926
ETH,2026Q2,ADM2,mobile,South Wollo,3445001.6875516586,233395.6506500244,6.774906714658165,0.13381986353831773,64.0,247.0,97.0,8.15265319462421,32.68819249744601,4.901,0.9103205642500839,79.70200784372499,87.55378157295938,12.416090133642694,34.0,46.9181190885429,29.095975115049622,200.01231319533773
ETH,2026Q2,ADM2,mobile,Southern,2118209.950201084,464968.86324834824,21.95102818793804,0.3561758113448284,102.0,313.0,128.0,7.497860190791007,11.086691995682855,6.702500000000001,0.4727338053188604,23.0389507757856,48.735568551620204,13.862426777829786,40.0,44.38853598536019,7.865026739034739,208.7602324012237
ETH,2026Q2,ADM2,mobile,West Arsi,3903809.0298250034,348817.6329212189,8.935314977148238,0.30520675252286267,104.0,1881.0,268.0,18.560863900741474,42.12235437132713,5.2475000000000005,0.9959587296074379,110.4633356673369,110.91155926799956,9.357773618683753,35.507597955283494,57.10516591365528,42.74262208699117,310.7806278097429
ETH,2026Q2,ADM2,mobile,West Gojam,3620866.087741856,160450.6033630371,4.431276923115975,0.07540842917530821,28.0,80.0,34.0,29.12560123881765,98.03757293948934,31.3695,0.44784801775052496,274.3595898150442,612.6176268304418,15.798420293007348,33.06793659521879,78.10997589628036,56.79967886648601,271.6569192184215
ETH,2026Q2,ADM2,mobile,West Harerge,3491714.268615689,136287.0213623047,3.9031550372630144,0.07104947031690613,34.0,360.0,51.0,9.576736664582828,17.39465937582828,5.358499999999999,0.8355531474806854,44.051435545342855,52.72128490948105,11.947432060130367,33.0,49.09811565777436,20.92079811849026,200.02559943095295
ETH,2026Q2,ADM2,mobile,West Shewa,3822340.5714354496,298009.3277282715,7.796514260275778,0.17187423381323508,72.0,509.0,103.0,12.766003784214057,48.73596772202567,21.1795,0.3079891510530357,78.36535463213319,254.4419320102567,13.27598837887389,30.050229302588438,54.960825352160256,30.676854791854414,250.2205290214389
ETH,2026Q2,ADM2,mobile,West Wellega,3269862.444605676,28257.013816833496,0.8641652147615374,0.025529293297881263,9.0,36.0,12.0,17.20002812790108,25.87882210388172,17.183,3.327855163200143,65.33180186745135,19.63180446970738,7.449511900346284,43.535179319187094,66.27054756409396,40.544908603188155,254.57933813432305
ETH,2026Q2,ADM2,mobile,Western,952513.4011462808,17915.694458007812,1.8808863409635574,0.008000469202034892,3.0,13.0,3.0,23.158,18.28532246338031,23.158,3.516,32.393,9.213026166097839,8.376849944177037,39.0,53.17884561718371,46.82115438281629,72.14935818642992
ETH,2026Q2,ADM2,mobile,Wolayita,2214392.474208344,96586.15995883942,4.361745313164029,0.1818962648489203,22.0,73.0,28.0,31.63544641792484,66.5640616744903,26.715,9.632593322796026,188.95447350374783,19.616158096966203,22.19834644055136,31.631499674765376,91.78048453654864,57.57871202067769,496.74957111960583
ETH,2026Q2,ADM2,mobile,Zone 1,912853.7278854441,201499.560546875,22.07358686189882,0.019939594001405915,19.0,75.0,30.0,23.062092250179433,22.11313928054812,17.972,2.6144151014912747,48.66699930470676,18.6148707896259,15.49073916321785,32.87586937860157,62.6764575954071,41.785831864649595,26.712339522110216
ETH,2026Q2,ADM2,mobile,Zone 2,514227.3491852494,49061.92364859581,9.540901262122748,0.023017589340070067,18.0,23.0,19.0,2.387123991674131,3.2914610194324183,12.9905,1.7434755565762923,12.927834517572894,7.414978930338211,0.3667997069351562,48.21442314813679,4.390492716243082,0.14557215747767396,18.587130072350025
ETH,2026Q2,ADM2,mobile,Zone 3,361404.2914967802,16420.636840820312,4.543564431073339,0.008802518087425994,4.0,4.0,4.0,3.705622353186652,4.2122097344221,3.4939999999999998,1.4875950923781054,11.523028569042086,7.746078639329937,12.926395026054841,39.320563299487205,8.86043478970974,0.0,21.809998187622064
ETH,2026Q2,ADM2,mobile,Zone 4,186703.98972478614,742.6452026367188,0.39776611294243164,0.003329862595365041,1.0,2.0,1.0,2.376,2.376,2.376,2.376,2.376,1.0,4.602,37.0,0.0,0.0,17.385561384388648
